participant_id,study_level,gpa,prior_ai_training,weekly_ai_use,AW1,AW2,AW3,AW4,AW5,AW6,AP1,AP2,AP3,AP4,AP5,AP6,AP7,AP8,PC1,PC2,PC3,PC4,PC5,PC6,AS1,AS2,AS3,AS4,AS5,AS6,AS7,AS8,AW_mean,AP_mean,PC_mean,AS_mean,overall_mean,gpa_ordinal,freq_ordinal,prior_training_binary,postgraduate_binary,n_missing_likert,complete_likert
P001,Master,Excellent,No,>5,3.0,3.0,3.0,3.0,3.0,3.0,4.0,4.0,4.0,4.0,4.0,4.0,4.0,4.0,3.0,3.0,4.0,5.0,1.0,2.0,5.0,5,5.0,5.0,5.0,5.0,5.0,5.0,3.0,4.0,3.0,5.0,3.857142857142857,3.0,4.0,0,1,0,1
P002,Master,Excellent,No,1-2,2.0,1.0,2.0,1.0,1.0,2.0,1.0,1.0,1.0,1.0,2.0,2.0,1.0,1.0,1.0,3.0,3.0,4.0,3.0,3.0,5.0,5,4.0,5.0,5.0,5.0,5.0,5.0,1.5,1.25,2.8333333333333335,4.875,2.6785714285714284,3.0,2.0,0,1,0,1
P003,Doctorate,Very good,No,Rarely,2.0,1.0,1.0,1.0,1.0,2.0,1.0,1.0,1.0,2.0,1.0,1.0,1.0,2.0,2.0,2.0,2.0,2.0,2.0,2.0,3.0,3,3.0,2.0,2.0,3.0,2.0,2.0,1.3333333333333333,1.25,2.0,2.5,1.7857142857142858,2.0,1.0,0,1,0,1
P004,Bachelor,Very good,No,3-5,4.0,4.0,4.0,4.0,4.0,4.0,3.0,3.0,3.0,3.0,3.0,3.0,3.0,3.0,4.0,3.0,3.0,3.0,3.0,3.0,4.0,3,3.0,3.0,3.0,3.0,3.0,3.0,4.0,3.0,3.1666666666666665,3.125,3.2857142857142856,2.0,3.0,0,0,0,1
P005,Bachelor,Excellent,No,3-5,2.0,1.0,3.0,1.0,1.0,3.0,1.0,2.0,2.0,2.0,3.0,3.0,3.0,3.0,1.0,2.0,5.0,4.0,3.0,3.0,1.0,3,3.0,5.0,3.0,4.0,4.0,4.0,1.8333333333333333,2.375,3.0,3.375,2.6785714285714284,3.0,3.0,0,0,0,1
P006,Bachelor,Good,No,3-5,4.0,4.0,4.0,4.0,4.0,4.0,3.0,4.0,3.0,4.0,3.0,4.0,4.0,3.0,4.0,4.0,4.0,4.0,3.0,3.0,4.0,4,4.0,4.0,4.0,4.0,4.0,4.0,4.0,3.5,3.6666666666666665,4.0,3.7857142857142856,1.0,3.0,0,0,0,1
P007,Bachelor,Very good,Yes,3-5,4.0,4.0,4.0,4.0,4.0,4.0,4.0,4.0,4.0,4.0,4.0,4.0,4.0,4.0,4.0,4.0,4.0,4.0,4.0,4.0,3.0,3,3.0,3.0,3.0,3.0,3.0,3.0,4.0,4.0,4.0,3.0,3.7142857142857144,2.0,3.0,1,0,0,1
P008,Bachelor,Good,No,1-2,3.0,3.0,3.0,3.0,3.0,3.0,3.0,3.0,,3.0,3.0,3.0,3.0,3.0,3.0,3.0,3.0,3.0,3.0,3.0,3.0,3,3.0,3.0,3.0,3.0,3.0,3.0,3.0,3.0,3.0,3.0,3.0,1.0,2.0,0,0,1,0
P009,Bachelor,Very good,No,1-2,4.0,2.0,2.0,1.0,1.0,2.0,2.0,3.0,3.0,1.0,4.0,4.0,2.0,4.0,2.0,2.0,3.0,5.0,2.0,2.0,5.0,1,4.0,2.0,4.0,5.0,5.0,5.0,2.0,2.875,2.6666666666666665,3.875,2.9285714285714284,2.0,2.0,0,0,0,1
P010,Bachelor,Very good,Yes,>5,4.0,3.0,4.0,3.0,5.0,3.0,3.0,2.0,4.0,4.0,3.0,3.0,4.0,3.0,5.0,5.0,4.0,3.0,1.0,3.0,4.0,2,4.0,4.0,2.0,4.0,3.0,2.0,3.6666666666666665,3.25,3.5,3.125,3.357142857142857,2.0,4.0,1,0,0,1
P011,Bachelor,Very good,No,3-5,4.0,2.0,4.0,4.0,2.0,4.0,2.0,2.0,2.0,2.0,4.0,4.0,4.0,4.0,2.0,3.0,4.0,2.0,2.0,2.0,5.0,5,5.0,5.0,5.0,5.0,5.0,5.0,3.3333333333333335,3.0,2.5,5.0,3.5357142857142856,2.0,3.0,0,0,0,1
P012,Bachelor,Excellent,Yes,>5,3.0,2.0,2.0,3.0,2.0,5.0,2.0,2.0,2.0,3.0,4.0,4.0,4.0,2.0,2.0,3.0,4.0,5.0,3.0,3.0,5.0,4,4.0,5.0,5.0,5.0,5.0,5.0,2.8333333333333335,2.875,3.3333333333333335,4.75,3.5,3.0,4.0,1,0,0,1
P013,Bachelor,Excellent,No,3-5,3.0,1.0,1.0,3.0,1.0,5.0,,3.0,3.0,3.0,4.0,4.0,5.0,3.0,3.0,2.0,4.0,5.0,2.0,3.0,5.0,5,5.0,5.0,5.0,5.0,5.0,5.0,2.3333333333333335,3.5714285714285716,3.1666666666666665,5.0,3.6296296296296298,3.0,3.0,0,0,1,0
P014,Bachelor,Good,Yes,3-5,4.0,2.0,2.0,2.0,2.0,2.0,3.0,3.0,4.0,4.0,4.0,4.0,3.0,3.0,2.0,2.0,4.0,4.0,3.0,3.0,5.0,5,5.0,4.0,4.0,,4.0,4.0,2.3333333333333335,3.5,3.0,4.428571428571429,3.3703703703703702,1.0,3.0,1,0,1,0
P015,Bachelor,Very good,No,1-2,3.0,3.0,4.0,2.0,2.0,3.0,3.0,3.0,4.0,4.0,3.0,4.0,5.0,4.0,4.0,4.0,4.0,5.0,2.0,3.0,4.0,3,3.0,4.0,4.0,4.0,4.0,4.0,2.8333333333333335,3.75,3.6666666666666665,3.75,3.5357142857142856,2.0,2.0,0,0,0,1
P016,Bachelor,Good,Yes,>5,4.0,1.0,3.0,2.0,2.0,4.0,2.0,4.0,4.0,3.0,3.0,4.0,4.0,1.0,1.0,1.0,4.0,5.0,4.0,4.0,5.0,5,5.0,5.0,5.0,5.0,5.0,5.0,2.6666666666666665,3.125,3.1666666666666665,5.0,3.5714285714285716,1.0,4.0,1,0,0,1
P017,Bachelor,Very good,No,>5,1.0,1.0,1.0,1.0,1.0,1.0,1.0,1.0,1.0,4.0,4.0,3.0,3.0,3.0,5.0,3.0,3.0,5.0,5.0,5.0,5.0,5,5.0,5.0,5.0,5.0,5.0,3.0,1.0,2.5,4.333333333333333,4.75,3.2142857142857144,2.0,4.0,0,0,0,1
P018,Bachelor,Very good,No,3-5,3.0,3.0,3.0,3.0,3.0,3.0,3.0,3.0,3.0,3.0,3.0,3.0,3.0,3.0,3.0,3.0,3.0,3.0,3.0,3.0,3.0,3,3.0,3.0,3.0,3.0,3.0,3.0,3.0,3.0,3.0,3.0,3.0,2.0,3.0,0,0,0,1
P019,Bachelor,Good,No,>5,3.0,2.0,2.0,3.0,3.0,4.0,2.0,,2.0,2.0,3.0,4.0,4.0,4.0,4.0,,4.0,2.0,3.0,3.0,4.0,4,4.0,4.0,4.0,4.0,5.0,5.0,2.8333333333333335,3.0,3.2,4.25,3.3846153846153846,1.0,4.0,0,0,2,0
P020,Bachelor,Very good,No,3-5,4.0,2.0,4.0,3.0,2.0,4.0,3.0,3.0,4.0,4.0,4.0,3.0,4.0,3.0,4.0,4.0,3.0,4.0,3.0,3.0,4.0,4,5.0,4.0,5.0,5.0,5.0,5.0,3.1666666666666665,3.5,3.5,4.625,3.75,2.0,3.0,0,0,0,1
P021,Bachelor,Good,No,1-2,2.0,2.0,4.0,2.0,2.0,3.0,2.0,4.0,4.0,4.0,4.0,4.0,2.0,4.0,4.0,4.0,4.0,4.0,3.0,3.0,3.0,4,5.0,4.0,5.0,5.0,5.0,5.0,2.5,3.5,3.6666666666666665,4.5,3.607142857142857,1.0,2.0,0,0,0,1
P022,Bachelor,Excellent,No,3-5,2.0,1.0,2.0,2.0,2.0,4.0,2.0,2.0,2.0,3.0,3.0,3.0,4.0,2.0,3.0,3.0,4.0,5.0,4.0,4.0,5.0,5,5.0,5.0,5.0,5.0,5.0,5.0,2.1666666666666665,2.625,3.8333333333333335,5.0,3.4642857142857144,3.0,3.0,0,0,0,1
P023,Doctorate,Very good,Yes,>5,4.0,4.0,3.0,4.0,3.0,4.0,3.0,3.0,3.0,3.0,4.0,4.0,4.0,4.0,4.0,4.0,3.0,4.0,3.0,3.0,4.0,4,4.0,4.0,4.0,4.0,4.0,4.0,3.6666666666666665,3.5,3.5,4.0,3.6785714285714284,2.0,4.0,1,1,0,1
P024,Bachelor,Very good,No,3-5,4.0,1.0,4.0,2.0,2.0,4.0,3.0,4.0,4.0,3.0,4.0,3.0,5.0,5.0,5.0,5.0,5.0,5.0,3.0,4.0,5.0,3,5.0,5.0,5.0,5.0,5.0,5.0,2.8333333333333335,3.875,4.5,4.75,4.035714285714286,2.0,3.0,0,0,0,1
P025,Bachelor,Good,No,>5,3.0,3.0,3.0,3.0,3.0,3.0,3.0,3.0,3.0,3.0,3.0,3.0,3.0,3.0,3.0,3.0,3.0,3.0,3.0,3.0,3.0,3,3.0,3.0,3.0,3.0,3.0,3.0,3.0,3.0,3.0,3.0,3.0,1.0,4.0,0,0,0,1
P026,Bachelor,Good,No,Rarely,2.0,1.0,1.0,2.0,2.0,2.0,1.0,1.0,1.0,2.0,3.0,4.0,2.0,2.0,2.0,3.0,4.0,4.0,4.0,4.0,3.0,4,4.0,4.0,5.0,3.0,4.0,4.0,1.6666666666666667,2.0,3.5,3.875,2.7857142857142856,1.0,1.0,0,0,0,1
P027,Bachelor,Good,No,1-2,3.0,3.0,3.0,1.0,1.0,3.0,2.0,2.0,1.0,2.0,2.0,2.0,2.0,2.0,4.0,4.0,3.0,3.0,3.0,3.0,3.0,3,2.0,3.0,3.0,2.0,2.0,2.0,2.3333333333333335,1.875,3.3333333333333335,2.5,2.4642857142857144,1.0,2.0,0,0,0,1
P028,Bachelor,Very good,No,3-5,3.0,2.0,2.0,2.0,3.0,4.0,3.0,3.0,2.0,4.0,4.0,2.0,4.0,4.0,3.0,4.0,4.0,5.0,3.0,3.0,5.0,4,4.0,5.0,4.0,4.0,3.0,4.0,2.6666666666666665,3.25,3.6666666666666665,4.125,3.4642857142857144,2.0,3.0,0,0,0,1
P029,Bachelor,Very good,No,Rarely,3.0,1.0,2.0,1.0,1.0,1.0,1.0,1.0,4.0,3.0,1.0,1.0,1.0,1.0,1.0,1.0,3.0,5.0,3.0,3.0,5.0,1,3.0,1.0,5.0,5.0,5.0,5.0,1.5,1.625,2.6666666666666665,3.75,2.4285714285714284,2.0,1.0,0,0,0,1
P030,Bachelor,Very good,Yes,>5,5.0,5.0,5.0,5.0,5.0,5.0,4.0,4.0,4.0,4.0,4.0,4.0,4.0,4.0,4.0,4.0,4.0,4.0,4.0,4.0,4.0,4,4.0,4.0,4.0,4.0,4.0,4.0,5.0,4.0,4.0,4.0,4.214285714285714,2.0,4.0,1,0,0,1
P031,Bachelor,Very good,No,3-5,2.0,1.0,1.0,1.0,1.0,3.0,2.0,2.0,4.0,1.0,3.0,3.0,4.0,4.0,3.0,3.0,4.0,5.0,2.0,2.0,5.0,5,5.0,5.0,5.0,5.0,5.0,5.0,1.5,2.875,3.1666666666666665,5.0,3.25,2.0,3.0,0,0,0,1
P032,Bachelor,Excellent,Yes,>5,3.0,1.0,3.0,3.0,3.0,4.0,4.0,2.0,2.0,2.0,2.0,2.0,4.0,2.0,1.0,2.0,2.0,1.0,2.0,2.0,1.0,2,2.0,3.0,3.0,2.0,3.0,3.0,2.8333333333333335,2.5,1.6666666666666667,2.375,2.357142857142857,3.0,4.0,1,0,0,1
P033,Bachelor,Excellent,No,3-5,2.0,1.0,2.0,1.0,1.0,4.0,3.0,2.0,3.0,1.0,3.0,3.0,1.0,1.0,1.0,1.0,4.0,5.0,4.0,4.0,5.0,5,4.0,5.0,4.0,5.0,5.0,5.0,1.8333333333333333,2.125,3.1666666666666665,4.75,3.0357142857142856,3.0,3.0,0,0,0,1
P034,Bachelor,Very good,Yes,>5,3.0,1.0,2.0,1.0,1.0,3.0,3.0,1.0,4.0,1.0,4.0,3.0,4.0,2.0,4.0,4.0,3.0,3.0,4.0,4.0,5.0,3,5.0,5.0,5.0,5.0,5.0,5.0,1.8333333333333333,2.75,3.6666666666666665,4.75,3.3214285714285716,2.0,4.0,1,0,0,1
P035,Bachelor,Good,Yes,>5,4.0,1.0,4.0,2.0,2.0,2.0,1.0,4.0,4.0,2.0,4.0,4.0,4.0,2.0,3.0,2.0,4.0,5.0,4.0,4.0,5.0,5,5.0,5.0,4.0,5.0,5.0,5.0,2.5,3.125,3.6666666666666665,4.875,3.607142857142857,1.0,4.0,1,0,0,1
P036,Bachelor,Very good,No,1-2,3.0,3.0,4.0,2.0,3.0,4.0,2.0,2.0,3.0,4.0,4.0,5.0,5.0,5.0,4.0,5.0,4.0,4.0,2.0,2.0,4.0,3,3.0,4.0,5.0,5.0,4.0,4.0,3.1666666666666665,3.75,3.5,4.0,3.642857142857143,2.0,2.0,0,0,0,1
P037,Bachelor,Very good,No,1-2,2.0,1.0,1.0,1.0,1.0,1.0,1.0,1.0,1.0,1.0,3.0,2.0,3.0,1.0,2.0,2.0,4.0,4.0,3.0,4.0,4.0,3,4.0,4.0,3.0,3.0,3.0,4.0,1.1666666666666667,1.625,3.1666666666666665,3.5,2.392857142857143,2.0,2.0,0,0,0,1
P038,Bachelor,Excellent,No,>5,4.0,1.0,4.0,2.0,2.0,2.0,2.0,3.0,2.0,3.0,2.0,3.0,2.0,2.0,2.0,2.0,2.0,2.0,2.0,2.0,3.0,3,3.0,3.0,3.0,3.0,3.0,3.0,2.5,2.375,2.0,3.0,2.5,3.0,4.0,0,0,0,1
P039,Bachelor,Very good,No,>5,4.0,1.0,5.0,1.0,1.0,4.0,1.0,5.0,5.0,5.0,5.0,5.0,4.0,4.0,4.0,4.0,4.0,5.0,5.0,4.0,5.0,5,5.0,5.0,5.0,5.0,5.0,5.0,2.6666666666666665,4.25,4.333333333333333,5.0,4.142857142857143,2.0,4.0,0,0,0,1
P040,Bachelor,Very good,No,Rarely,2.0,2.0,2.0,2.0,2.0,2.0,2.0,2.0,2.0,2.0,2.0,2.0,2.0,2.0,2.0,2.0,2.0,2.0,2.0,2.0,4.0,4,4.0,4.0,4.0,4.0,4.0,4.0,2.0,2.0,2.0,4.0,2.5714285714285716,2.0,1.0,0,0,0,1
P041,Master,Excellent,No,Rarely,1.0,2.0,1.0,1.0,1.0,2.0,1.0,1.0,1.0,1.0,1.0,1.0,5.0,2.0,1.0,1.0,4.0,1.0,1.0,1.0,5.0,5,5.0,5.0,5.0,5.0,5.0,5.0,1.3333333333333333,1.625,1.5,5.0,2.5,3.0,1.0,0,1,0,1
P042,Bachelor,Excellent,No,1-2,1.0,3.0,1.0,2.0,3.0,4.0,2.0,1.0,1.0,2.0,3.0,2.0,4.0,4.0,1.0,2.0,5.0,4.0,5.0,3.0,5.0,4,3.0,5.0,3.0,4.0,5.0,4.0,2.3333333333333335,2.375,3.3333333333333335,4.125,3.0714285714285716,3.0,2.0,0,0,0,1
P043,Bachelor,Very good,Yes,>5,3.0,1.0,1.0,1.0,1.0,3.0,1.0,3.0,1.0,1.0,1.0,4.0,4.0,2.0,3.0,4.0,4.0,5.0,5.0,5.0,5.0,5,5.0,5.0,5.0,5.0,5.0,5.0,1.6666666666666667,2.125,4.333333333333333,5.0,3.3214285714285716,2.0,4.0,1,0,0,1
P044,Bachelor,Good,No,1-2,2.0,2.0,3.0,2.0,2.0,2.0,2.0,2.0,2.0,2.0,2.0,1.0,4.0,3.0,3.0,3.0,4.0,3.0,3.0,3.0,5.0,3,4.0,4.0,3.0,2.0,2.0,2.0,2.1666666666666665,2.25,3.1666666666666665,3.125,2.6785714285714284,1.0,2.0,0,0,0,1
P045,Bachelor,Very good,No,3-5,4.0,4.0,4.0,4.0,4.0,4.0,3.0,4.0,3.0,3.0,4.0,4.0,4.0,4.0,4.0,4.0,4.0,4.0,4.0,4.0,3.0,3,3.0,3.0,3.0,3.0,3.0,3.0,4.0,3.625,4.0,3.0,3.607142857142857,2.0,3.0,0,0,0,1
P046,Bachelor,Very good,No,3-5,4.0,4.0,4.0,4.0,4.0,4.0,3.0,3.0,3.0,3.0,3.0,3.0,3.0,3.0,4.0,4.0,3.0,3.0,3.0,3.0,5.0,5,5.0,5.0,5.0,5.0,5.0,5.0,4.0,3.0,3.3333333333333335,5.0,3.857142857142857,2.0,3.0,0,0,0,1
P047,Bachelor,Very good,No,>5,4.0,1.0,2.0,2.0,2.0,5.0,1.0,1.0,4.0,4.0,4.0,4.0,2.0,4.0,4.0,4.0,4.0,3.0,2.0,2.0,5.0,5,5.0,5.0,5.0,5.0,5.0,5.0,2.6666666666666665,3.0,3.1666666666666665,5.0,3.5357142857142856,2.0,4.0,0,0,0,1
P048,Bachelor,Very good,No,Rarely,2.0,1.0,2.0,2.0,1.0,3.0,1.0,3.0,4.0,3.0,4.0,4.0,2.0,2.0,1.0,2.0,3.0,2.0,3.0,5.0,5.0,3,3.0,5.0,3.0,3.0,3.0,4.0,1.8333333333333333,2.875,2.6666666666666665,3.625,2.8214285714285716,2.0,1.0,0,0,0,1
P049,Bachelor,Good,No,3-5,4.0,4.0,4.0,4.0,4.0,5.0,4.0,4.0,4.0,4.0,4.0,4.0,4.0,4.0,3.0,3.0,3.0,4.0,4.0,4.0,5.0,5,5.0,5.0,5.0,5.0,5.0,5.0,4.166666666666667,4.0,3.5,5.0,4.214285714285714,1.0,3.0,0,0,0,1
P050,Bachelor,Excellent,No,>5,3.0,2.0,2.0,2.0,2.0,5.0,2.0,2.0,2.0,2.0,4.0,4.0,4.0,4.0,3.0,4.0,4.0,4.0,4.0,4.0,4.0,4,5.0,5.0,5.0,5.0,5.0,5.0,2.6666666666666665,3.0,3.8333333333333335,4.75,3.607142857142857,3.0,4.0,0,0,0,1
P051,Bachelor,Very good,No,Rarely,2.0,2.0,2.0,2.0,2.0,2.0,2.0,2.0,2.0,2.0,3.0,2.0,2.0,2.0,2.0,2.0,2.0,4.0,3.0,3.0,4.0,4,4.0,4.0,4.0,4.0,3.0,4.0,2.0,2.125,2.6666666666666665,3.875,2.7142857142857144,2.0,1.0,0,0,0,1
P052,Bachelor,Good,No,1-2,3.0,2.0,5.0,4.0,3.0,5.0,2.0,4.0,4.0,4.0,4.0,4.0,4.0,4.0,3.0,3.0,3.0,3.0,5.0,5.0,5.0,5,5.0,5.0,5.0,5.0,5.0,5.0,3.6666666666666665,3.75,3.6666666666666665,5.0,4.071428571428571,1.0,2.0,0,0,0,1
P053,Bachelor,Very good,Yes,3-5,4.0,3.0,1.0,3.0,1.0,2.0,2.0,3.0,1.0,4.0,,4.0,3.0,2.0,4.0,5.0,4.0,5.0,4.0,4.0,4.0,3,5.0,1.0,4.0,5.0,5.0,5.0,2.3333333333333335,2.7142857142857144,4.333333333333333,4.0,3.3703703703703702,2.0,3.0,1,0,1,0
P054,Bachelor,Very good,No,>5,5.0,4.0,3.0,4.0,3.0,5.0,4.0,2.0,4.0,4.0,4.0,4.0,2.0,3.0,4.0,4.0,4.0,3.0,2.0,2.0,5.0,5,5.0,5.0,5.0,5.0,5.0,5.0,4.0,3.375,3.1666666666666665,5.0,3.9285714285714284,2.0,4.0,0,0,0,1
P055,Bachelor,Good,No,>5,4.0,5.0,5.0,4.0,5.0,5.0,4.0,4.0,4.0,3.0,4.0,4.0,4.0,4.0,4.0,4.0,4.0,5.0,4.0,5.0,3.0,3,4.0,4.0,4.0,3.0,3.0,4.0,4.666666666666667,3.875,4.333333333333333,3.5,4.035714285714286,1.0,4.0,0,0,0,1
P056,Bachelor,Very good,No,>5,3.0,2.0,3.0,3.0,2.0,1.0,1.0,1.0,1.0,1.0,4.0,4.0,4.0,3.0,3.0,2.0,4.0,4.0,4.0,4.0,5.0,5,5.0,5.0,5.0,5.0,5.0,5.0,2.3333333333333335,2.375,3.5,5.0,3.357142857142857,2.0,4.0,0,0,0,1
P057,Bachelor,Very good,No,1-2,2.0,1.0,1.0,2.0,1.0,2.0,2.0,1.0,1.0,1.0,3.0,4.0,3.0,4.0,2.0,2.0,5.0,3.0,4.0,4.0,5.0,4,5.0,5.0,5.0,5.0,5.0,5.0,1.5,2.375,3.3333333333333335,4.875,3.107142857142857,2.0,2.0,0,0,0,1
P058,Bachelor,Very good,Yes,3-5,4.0,3.0,4.0,3.0,3.0,3.0,2.0,2.0,2.0,2.0,3.0,2.0,2.0,2.0,4.0,4.0,3.0,4.0,4.0,4.0,4.0,1,3.0,3.0,3.0,3.0,3.0,3.0,3.3333333333333335,2.125,3.8333333333333335,2.875,2.9642857142857144,2.0,3.0,1,0,0,1
P059,Bachelor,Excellent,No,>5,2.0,1.0,1.0,2.0,2.0,2.0,1.0,1.0,2.0,4.0,4.0,4.0,1.0,1.0,1.0,1.0,1.0,1.0,3.0,3.0,4.0,4,4.0,4.0,4.0,4.0,4.0,4.0,1.6666666666666667,2.25,1.6666666666666667,4.0,2.5,3.0,4.0,0,0,0,1
P060,Bachelor,Very good,Yes,>5,4.0,3.0,4.0,3.0,3.0,4.0,3.0,4.0,4.0,4.0,4.0,4.0,5.0,5.0,4.0,4.0,4.0,4.0,4.0,4.0,5.0,4,4.0,4.0,4.0,4.0,4.0,4.0,3.5,4.125,4.0,4.125,3.9642857142857144,2.0,4.0,1,0,0,1
P061,Bachelor,Good,No,3-5,3.0,1.0,1.0,1.0,2.0,3.0,2.0,2.0,3.0,2.0,2.0,1.0,3.0,2.0,3.0,4.0,4.0,4.0,3.0,3.0,5.0,4,3.0,2.0,2.0,2.0,2.0,5.0,1.8333333333333333,2.125,3.5,3.125,2.642857142857143,1.0,3.0,0,0,0,1
P062,Bachelor,Excellent,No,3-5,3.0,2.0,3.0,2.0,3.0,2.0,4.0,3.0,4.0,3.0,4.0,4.0,3.0,3.0,3.0,3.0,4.0,2.0,4.0,4.0,4.0,5,5.0,4.0,5.0,5.0,5.0,5.0,2.5,3.5,3.3333333333333335,4.75,3.607142857142857,3.0,3.0,0,0,0,1
P063,Bachelor,Very good,No,3-5,4.0,2.0,4.0,4.0,3.0,4.0,4.0,4.0,4.0,5.0,5.0,4.0,4.0,4.0,2.0,2.0,5.0,5.0,2.0,2.0,4.0,4,4.0,4.0,4.0,4.0,4.0,4.0,3.5,4.25,3.0,4.0,3.75,2.0,3.0,0,0,0,1
P064,Bachelor,Good,No,Rarely,2.0,3.0,3.0,2.0,1.0,2.0,1.0,2.0,1.0,3.0,1.0,1.0,1.0,1.0,4.0,3.0,4.0,4.0,3.0,3.0,3.0,3,4.0,4.0,2.0,3.0,2.0,3.0,2.1666666666666665,1.375,3.5,3.0,2.4642857142857144,1.0,1.0,0,0,0,1
P065,Bachelor,Good,No,Rarely,3.0,3.0,3.0,3.0,3.0,3.0,3.0,3.0,3.0,3.0,3.0,3.0,3.0,3.0,3.0,3.0,3.0,3.0,3.0,3.0,3.0,3,3.0,3.0,3.0,3.0,3.0,3.0,3.0,3.0,3.0,3.0,3.0,1.0,1.0,0,0,0,1
P066,Bachelor,Good,Yes,3-5,4.0,4.0,5.0,5.0,5.0,4.0,4.0,3.0,4.0,4.0,4.0,4.0,4.0,4.0,4.0,4.0,3.0,4.0,3.0,3.0,5.0,5,5.0,4.0,4.0,5.0,5.0,5.0,4.5,3.875,3.5,4.75,4.178571428571429,1.0,3.0,1,0,0,1
P067,Bachelor,Very good,No,>5,4.0,2.0,2.0,3.0,2.0,4.0,4.0,3.0,4.0,4.0,4.0,3.0,4.0,3.0,4.0,4.0,3.0,4.0,3.0,3.0,4.0,2,4.0,3.0,3.0,4.0,4.0,4.0,2.8333333333333335,3.625,3.5,3.5,3.392857142857143,2.0,4.0,0,0,0,1
P068,Bachelor,Very good,No,3-5,4.0,3.0,4.0,3.0,3.0,3.0,3.0,3.0,3.0,3.0,4.0,4.0,4.0,3.0,3.0,3.0,3.0,4.0,4.0,3.0,3.0,3,3.0,4.0,4.0,3.0,3.0,3.0,3.3333333333333335,3.375,3.3333333333333335,3.25,3.3214285714285716,2.0,3.0,0,0,0,1
P069,Bachelor,Good,No,1-2,3.0,2.0,2.0,2.0,2.0,4.0,3.0,4.0,4.0,3.0,4.0,4.0,2.0,2.0,1.0,1.0,4.0,5.0,4.0,4.0,3.0,3,4.0,4.0,4.0,5.0,5.0,5.0,2.5,3.25,3.1666666666666665,4.125,3.3214285714285716,1.0,2.0,0,0,0,1
P070,Doctorate,,No,Rarely,3.0,2.0,3.0,2.0,3.0,3.0,1.0,1.0,1.0,1.0,1.0,1.0,3.0,1.0,4.0,3.0,4.0,3.0,2.0,2.0,4.0,4,4.0,4.0,4.0,3.0,3.0,4.0,2.6666666666666665,1.25,3.0,3.75,2.642857142857143,,1.0,0,1,0,1
P071,Bachelor,Excellent,No,1-2,2.0,2.0,2.0,2.0,2.0,2.0,2.0,2.0,2.0,2.0,2.0,2.0,4.0,2.0,3.0,3.0,2.0,4.0,4.0,4.0,2.0,1,2.0,2.0,2.0,2.0,2.0,2.0,2.0,2.25,3.3333333333333335,1.875,2.3214285714285716,3.0,2.0,0,0,0,1
P072,Bachelor,Excellent,No,Rarely,5.0,5.0,5.0,5.0,5.0,5.0,5.0,5.0,5.0,5.0,5.0,5.0,5.0,5.0,5.0,5.0,5.0,5.0,5.0,5.0,5.0,5,5.0,5.0,5.0,5.0,5.0,5.0,5.0,5.0,5.0,5.0,5.0,3.0,1.0,0,0,0,1
P073,Bachelor,Very good,No,>5,2.0,2.0,2.0,3.0,3.0,2.0,5.0,3.0,5.0,4.0,4.0,4.0,4.0,4.0,2.0,2.0,3.0,3.0,4.0,5.0,5.0,5,5.0,5.0,5.0,5.0,5.0,5.0,2.3333333333333335,4.125,3.1666666666666665,5.0,3.7857142857142856,2.0,4.0,0,0,0,1
P074,Bachelor,Good,No,>5,4.0,2.0,3.0,3.0,3.0,4.0,3.0,4.0,4.0,4.0,4.0,4.0,4.0,4.0,4.0,4.0,3.0,4.0,2.0,3.0,5.0,5,5.0,5.0,5.0,5.0,5.0,5.0,3.1666666666666665,3.875,3.3333333333333335,5.0,3.9285714285714284,1.0,4.0,0,0,0,1
P075,Bachelor,Good,No,>5,3.0,1.0,1.0,3.0,4.0,3.0,2.0,2.0,2.0,2.0,2.0,4.0,2.0,3.0,3.0,3.0,4.0,4.0,3.0,3.0,4.0,4,4.0,4.0,4.0,4.0,4.0,4.0,2.5,2.375,3.3333333333333335,4.0,3.0714285714285716,1.0,4.0,0,0,0,1
P076,Bachelor,Very good,No,1-2,4.0,1.0,1.0,1.0,1.0,1.0,3.0,3.0,3.0,3.0,3.0,3.0,3.0,3.0,2.0,3.0,2.0,3.0,4.0,2.0,3.0,3,2.0,3.0,2.0,3.0,2.0,3.0,1.5,3.0,2.6666666666666665,2.625,2.5,2.0,2.0,0,0,0,1
P077,Bachelor,Very good,No,>5,5.0,5.0,4.0,4.0,4.0,5.0,3.0,2.0,3.0,4.0,4.0,4.0,4.0,4.0,5.0,5.0,5.0,5.0,4.0,4.0,5.0,5,5.0,5.0,5.0,5.0,5.0,5.0,4.5,3.5,4.666666666666667,5.0,4.392857142857143,2.0,4.0,0,0,0,1
P078,Bachelor,Very good,No,3-5,4.0,1.0,1.0,3.0,1.0,2.0,2.0,4.0,1.0,4.0,4.0,4.0,2.0,2.0,2.0,3.0,3.0,2.0,3.0,2.0,2.0,3,3.0,2.0,2.0,2.0,2.0,4.0,2.0,2.875,2.5,2.5,2.5,2.0,3.0,0,0,0,1
P079,Bachelor,Very good,No,3-5,4.0,2.0,4.0,4.0,3.0,4.0,2.0,2.0,4.0,4.0,4.0,5.0,5.0,4.0,3.0,4.0,4.0,5.0,4.0,3.0,5.0,5,5.0,5.0,5.0,5.0,5.0,5.0,3.5,3.75,3.8333333333333335,5.0,4.071428571428571,2.0,3.0,0,0,0,1
P080,Bachelor,Very good,No,1-2,3.0,3.0,4.0,4.0,4.0,4.0,4.0,3.0,4.0,3.0,3.0,3.0,3.0,3.0,2.0,2.0,3.0,3.0,3.0,3.0,4.0,4,4.0,4.0,4.0,4.0,4.0,4.0,3.6666666666666665,3.25,2.6666666666666665,4.0,3.4285714285714284,2.0,2.0,0,0,0,1
P081,Bachelor,Very good,Yes,3-5,3.0,2.0,5.0,4.0,2.0,3.0,3.0,2.0,2.0,3.0,4.0,4.0,5.0,5.0,3.0,3.0,4.0,5.0,3.0,3.0,5.0,4,4.0,4.0,5.0,4.0,3.0,5.0,3.1666666666666665,3.5,3.5,4.25,3.642857142857143,2.0,3.0,1,0,0,1
P082,Bachelor,Good,No,>5,2.0,2.0,2.0,2.0,2.0,3.0,3.0,4.0,5.0,5.0,5.0,5.0,5.0,4.0,4.0,5.0,4.0,5.0,4.0,3.0,5.0,5,5.0,5.0,5.0,5.0,5.0,5.0,2.1666666666666665,4.5,4.166666666666667,5.0,4.071428571428571,1.0,4.0,0,0,0,1
P083,Bachelor,Very good,No,3-5,2.0,2.0,2.0,1.0,2.0,2.0,3.0,3.0,3.0,4.0,4.0,4.0,3.0,4.0,3.0,4.0,4.0,4.0,2.0,2.0,4.0,4,4.0,4.0,4.0,4.0,4.0,4.0,1.8333333333333333,3.5,3.1666666666666665,4.0,3.2142857142857144,2.0,3.0,0,0,0,1
P084,Bachelor,Very good,Yes,3-5,4.0,2.0,4.0,4.0,4.0,5.0,2.0,2.0,3.0,4.0,3.0,2.0,4.0,4.0,5.0,5.0,5.0,5.0,2.0,3.0,5.0,3,5.0,5.0,3.0,4.0,5.0,3.0,3.8333333333333335,3.0,4.166666666666667,4.125,3.75,2.0,3.0,1,0,0,1
P085,Bachelor,Very good,No,3-5,3.0,3.0,2.0,1.0,1.0,1.0,1.0,1.0,1.0,1.0,1.0,1.0,1.0,1.0,2.0,2.0,1.0,1.0,1.0,1.0,5.0,5,5.0,5.0,5.0,5.0,4.0,4.0,1.8333333333333333,1.0,1.3333333333333333,4.75,2.3214285714285716,2.0,3.0,0,0,0,1
P086,Master,Excellent,No,3-5,4.0,4.0,4.0,4.0,4.0,4.0,4.0,5.0,4.0,4.0,4.0,4.0,4.0,4.0,4.0,3.0,4.0,4.0,4.0,4.0,3.0,3,4.0,4.0,4.0,4.0,4.0,4.0,4.0,4.125,3.8333333333333335,3.75,3.9285714285714284,3.0,3.0,0,1,0,1
P087,Bachelor,Very good,No,1-2,3.0,2.0,3.0,2.0,2.0,3.0,3.0,2.0,3.0,3.0,4.0,4.0,4.0,4.0,4.0,4.0,4.0,4.0,4.0,4.0,5.0,5,4.0,4.0,5.0,5.0,5.0,5.0,2.5,3.375,4.0,4.75,3.7142857142857144,2.0,2.0,0,0,0,1
P088,Bachelor,Very good,No,Rarely,1.0,1.0,3.0,1.0,1.0,3.0,1.0,1.0,1.0,1.0,3.0,3.0,3.0,1.0,1.0,1.0,1.0,3.0,2.0,2.0,4.0,3,4.0,4.0,3.0,3.0,4.0,4.0,1.6666666666666667,1.75,1.6666666666666667,3.625,2.25,2.0,1.0,0,0,0,1
P089,Bachelor,,No,1-2,4.0,3.0,2.0,3.0,3.0,3.0,2.0,2.0,3.0,3.0,2.0,2.0,3.0,3.0,3.0,3.0,3.0,3.0,3.0,3.0,4.0,4,4.0,3.0,3.0,3.0,3.0,4.0,3.0,2.5,3.0,3.5,3.0,,2.0,0,0,0,1
P090,Bachelor,Good,Yes,1-2,3.0,3.0,3.0,3.0,3.0,3.0,3.0,3.0,3.0,3.0,3.0,3.0,3.0,3.0,3.0,3.0,3.0,3.0,3.0,3.0,3.0,3,3.0,3.0,3.0,3.0,3.0,3.0,3.0,3.0,3.0,3.0,3.0,1.0,2.0,1,0,0,1
P091,Bachelor,Good,No,3-5,3.0,2.0,1.0,1.0,1.0,2.0,1.0,2.0,4.0,2.0,2.0,4.0,3.0,2.0,2.0,2.0,2.0,4.0,3.0,3.0,5.0,5,5.0,5.0,3.0,5.0,3.0,5.0,1.6666666666666667,2.5,2.6666666666666665,4.5,2.9285714285714284,1.0,3.0,0,0,0,1
P092,Bachelor,Good,No,3-5,4.0,4.0,4.0,3.0,4.0,4.0,4.0,2.0,4.0,5.0,4.0,4.0,5.0,4.0,4.0,4.0,4.0,5.0,5.0,5.0,5.0,4,4.0,4.0,5.0,5.0,5.0,4.0,3.8333333333333335,4.0,4.5,4.5,4.214285714285714,1.0,3.0,0,0,0,1
P093,Master,Excellent,No,1-2,3.0,2.0,3.0,2.0,3.0,2.0,1.0,3.0,2.0,4.0,1.0,3.0,2.0,3.0,3.0,2.0,3.0,1.0,3.0,3.0,2.0,3,2.0,3.0,2.0,1.0,3.0,1.0,2.5,2.375,2.5,2.125,2.357142857142857,3.0,2.0,0,1,0,1
P094,Master,Very good,No,1-2,4.0,2.0,2.0,4.0,4.0,3.0,2.0,2.0,4.0,4.0,4.0,2.0,5.0,4.0,4.0,4.0,3.0,5.0,4.0,4.0,5.0,5,5.0,5.0,5.0,5.0,5.0,5.0,3.1666666666666665,3.375,4.0,5.0,3.9285714285714284,2.0,2.0,0,1,0,1
P095,Bachelor,Very good,No,3-5,5.0,3.0,4.0,5.0,4.0,5.0,3.0,3.0,4.0,3.0,5.0,4.0,4.0,4.0,4.0,3.0,2.0,5.0,3.0,3.0,5.0,5,5.0,5.0,3.0,5.0,5.0,5.0,4.333333333333333,3.75,3.3333333333333335,4.75,4.071428571428571,2.0,3.0,0,0,0,1
P096,Bachelor,Very good,No,3-5,4.0,4.0,3.0,4.0,4.0,4.0,3.0,4.0,4.0,3.0,2.0,2.0,4.0,4.0,4.0,4.0,4.0,5.0,4.0,4.0,5.0,4,5.0,5.0,4.0,5.0,5.0,5.0,3.8333333333333335,3.25,4.166666666666667,4.75,4.0,2.0,3.0,0,0,0,1
P097,Bachelor,Very good,No,>5,3.0,3.0,3.0,3.0,3.0,3.0,3.0,3.0,3.0,3.0,3.0,3.0,3.0,3.0,3.0,3.0,3.0,3.0,3.0,3.0,3.0,3,3.0,3.0,3.0,3.0,3.0,3.0,3.0,3.0,3.0,3.0,3.0,2.0,4.0,0,0,0,1
P098,Bachelor,Good,No,1-2,4.0,4.0,4.0,5.0,4.0,4.0,3.0,3.0,5.0,4.0,5.0,5.0,5.0,5.0,5.0,4.0,5.0,5.0,3.0,3.0,5.0,5,5.0,5.0,5.0,5.0,5.0,5.0,4.166666666666667,4.375,4.166666666666667,5.0,4.464285714285714,1.0,2.0,0,0,0,1
P099,Bachelor,Excellent,Yes,>5,4.0,4.0,3.0,4.0,4.0,4.0,4.0,3.0,4.0,3.0,3.0,4.0,3.0,4.0,5.0,5.0,4.0,4.0,3.0,4.0,4.0,3,3.0,3.0,4.0,3.0,5.0,5.0,3.8333333333333335,3.5,4.166666666666667,3.75,3.7857142857142856,3.0,4.0,1,0,0,1
P100,Bachelor,Very good,No,,,,,,,4.0,,,,,,,,4.0,,,,,,4.0,,4,,,,,,,4.0,4.0,4.0,4.0,4.0,2.0,,0,0,24,0
P101,Bachelor,Very good,No,1-2,3.0,1.0,1.0,1.0,1.0,1.0,1.0,1.0,2.0,3.0,3.0,3.0,3.0,3.0,3.0,2.0,3.0,2.0,2.0,3.0,2.0,2,3.0,3.0,2.0,3.0,2.0,2.0,1.3333333333333333,2.375,2.5,2.375,2.1785714285714284,2.0,2.0,0,0,0,1
P102,Bachelor,Very good,No,1-2,2.0,2.0,2.0,2.0,2.0,2.0,2.0,2.0,2.0,2.0,4.0,2.0,2.0,2.0,2.0,2.0,2.0,4.0,2.0,2.0,4.0,4,4.0,4.0,4.0,4.0,4.0,4.0,2.0,2.25,2.3333333333333335,4.0,2.7142857142857144,2.0,2.0,0,0,0,1
P103,Bachelor,Good,No,Rarely,4.0,1.0,2.0,2.0,2.0,4.0,2.0,3.0,5.0,2.0,4.0,2.0,2.0,2.0,4.0,4.0,4.0,3.0,4.0,4.0,5.0,5,4.0,5.0,4.0,5.0,4.0,5.0,2.5,2.75,3.8333333333333335,4.625,3.4642857142857144,1.0,1.0,0,0,0,1
P104,Bachelor,Very good,No,1-2,2.0,2.0,4.0,1.0,2.0,4.0,2.0,2.0,2.0,2.0,4.0,2.0,3.0,4.0,2.0,2.0,4.0,4.0,2.0,2.0,3.0,4,4.0,4.0,4.0,4.0,4.0,4.0,2.5,2.625,2.6666666666666665,3.875,2.9642857142857144,2.0,2.0,0,0,0,1
P105,Bachelor,Excellent,Yes,1-2,4.0,3.0,3.0,3.0,3.0,3.0,3.0,3.0,3.0,3.0,3.0,3.0,3.0,3.0,4.0,4.0,4.0,4.0,5.0,5.0,5.0,5,5.0,5.0,5.0,5.0,5.0,5.0,3.1666666666666665,3.0,4.333333333333333,5.0,3.892857142857143,3.0,2.0,1,0,0,1
P106,Bachelor,Very good,No,Rarely,5.0,1.0,5.0,1.0,1.0,1.0,1.0,1.0,1.0,1.0,1.0,1.0,1.0,1.0,1.0,1.0,2.0,5.0,3.0,3.0,3.0,3,3.0,4.0,1.0,1.0,1.0,1.0,2.3333333333333335,1.0,2.5,2.125,1.9285714285714286,2.0,1.0,0,0,0,1
P107,Bachelor,Good,No,3-5,3.0,1.0,2.0,1.0,1.0,4.0,1.0,1.0,4.0,4.0,4.0,1.0,1.0,1.0,4.0,4.0,2.0,5.0,4.0,4.0,5.0,4,5.0,4.0,4.0,4.0,4.0,4.0,2.0,2.125,3.8333333333333335,4.25,3.0714285714285716,1.0,3.0,0,0,0,1
P108,Bachelor,Excellent,Yes,3-5,4.0,3.0,4.0,4.0,4.0,5.0,3.0,4.0,3.0,5.0,4.0,5.0,3.0,5.0,2.0,4.0,5.0,5.0,4.0,3.0,5.0,5,5.0,5.0,5.0,5.0,5.0,1.0,4.0,4.0,3.8333333333333335,4.5,4.107142857142857,3.0,3.0,1,0,0,1
P109,Bachelor,Good,No,3-5,2.0,3.0,3.0,2.0,4.0,5.0,1.0,2.0,4.0,1.0,1.0,2.0,4.0,3.0,3.0,3.0,5.0,5.0,5.0,5.0,5.0,5,3.0,5.0,5.0,5.0,5.0,5.0,3.1666666666666665,2.25,4.333333333333333,4.75,3.607142857142857,1.0,3.0,0,0,0,1
P110,Bachelor,Good,No,1-2,1.0,1.0,1.0,1.0,1.0,1.0,3.0,3.0,3.0,3.0,3.0,3.0,3.0,3.0,3.0,3.0,3.0,3.0,3.0,3.0,3.0,3,3.0,3.0,3.0,3.0,3.0,3.0,1.0,3.0,3.0,3.0,2.5714285714285716,1.0,2.0,0,0,0,1
P111,Bachelor,Very good,No,>5,2.0,2.0,3.0,3.0,2.0,3.0,4.0,4.0,4.0,3.0,4.0,4.0,4.0,4.0,4.0,4.0,4.0,4.0,2.0,2.0,4.0,4,4.0,4.0,3.0,4.0,4.0,4.0,2.5,3.875,3.3333333333333335,3.875,3.4642857142857144,2.0,4.0,0,0,0,1
P112,Bachelor,Excellent,No,1-2,2.0,2.0,2.0,2.0,2.0,2.0,2.0,2.0,2.0,2.0,2.0,2.0,2.0,2.0,2.0,2.0,2.0,4.0,4.0,4.0,2.0,1,3.0,2.0,2.0,2.0,2.0,2.0,2.0,2.0,3.0,2.0,2.2142857142857144,3.0,2.0,0,0,0,1
P113,Bachelor,Very good,No,1-2,3.0,2.0,2.0,2.0,2.0,4.0,1.0,1.0,1.0,1.0,1.0,1.0,4.0,2.0,2.0,2.0,3.0,4.0,4.0,4.0,5.0,3,3.0,4.0,2.0,4.0,4.0,4.0,2.5,1.5,3.1666666666666665,3.625,2.6785714285714284,2.0,2.0,0,0,0,1
P114,Bachelor,Very good,No,>5,5.0,5.0,3.0,4.0,4.0,5.0,5.0,5.0,4.0,5.0,5.0,5.0,5.0,5.0,3.0,3.0,5.0,5.0,3.0,3.0,5.0,5,5.0,5.0,5.0,5.0,5.0,5.0,4.333333333333333,4.875,3.6666666666666665,5.0,4.535714285714286,2.0,4.0,0,0,0,1
P115,Bachelor,Very good,No,>5,4.0,2.0,4.0,4.0,3.0,3.0,3.0,4.0,4.0,4.0,4.0,4.0,4.0,3.0,4.0,4.0,4.0,4.0,5.0,5.0,4.0,5,5.0,4.0,4.0,5.0,5.0,5.0,3.3333333333333335,3.75,4.333333333333333,4.625,4.035714285714286,2.0,4.0,0,0,0,1
P116,Bachelor,Excellent,No,1-2,3.0,3.0,3.0,3.0,3.0,3.0,3.0,3.0,3.0,3.0,3.0,3.0,3.0,3.0,3.0,3.0,3.0,3.0,3.0,3.0,3.0,3,3.0,3.0,3.0,3.0,3.0,3.0,3.0,3.0,3.0,3.0,3.0,3.0,2.0,0,0,0,1
P117,Master,Excellent,No,>5,4.0,1.0,5.0,4.0,2.0,5.0,1.0,3.0,4.0,5.0,5.0,5.0,4.0,4.0,5.0,4.0,5.0,5.0,5.0,5.0,5.0,5,5.0,5.0,5.0,5.0,5.0,5.0,3.5,3.875,4.833333333333333,5.0,4.321428571428571,3.0,4.0,0,1,0,1
P118,Bachelor,Good,No,3-5,4.0,1.0,3.0,2.0,2.0,4.0,4.0,4.0,4.0,4.0,3.0,4.0,4.0,3.0,2.0,2.0,4.0,3.0,4.0,4.0,5.0,5,5.0,5.0,5.0,5.0,5.0,5.0,2.6666666666666665,3.75,3.1666666666666665,5.0,3.75,1.0,3.0,0,0,0,1
P119,Bachelor,Good,No,1-2,1.0,1.0,1.0,1.0,1.0,1.0,1.0,1.0,1.0,1.0,1.0,1.0,1.0,1.0,1.0,1.0,1.0,1.0,1.0,1.0,4.0,3,2.0,1.0,4.0,4.0,4.0,3.0,1.0,1.0,1.0,3.125,1.6071428571428572,1.0,2.0,0,0,0,1
P120,Bachelor,Very good,No,>5,4.0,1.0,4.0,4.0,3.0,4.0,3.0,4.0,4.0,3.0,4.0,4.0,4.0,4.0,4.0,4.0,3.0,4.0,2.0,4.0,4.0,3,4.0,4.0,3.0,4.0,4.0,4.0,3.3333333333333335,3.75,3.5,3.75,3.607142857142857,2.0,4.0,0,0,0,1
P121,Bachelor,Very good,No,1-2,1.0,1.0,2.0,2.0,2.0,2.0,2.0,5.0,5.0,5.0,5.0,5.0,5.0,3.0,4.0,4.0,5.0,5.0,3.0,3.0,5.0,5,5.0,5.0,5.0,5.0,5.0,5.0,1.6666666666666667,4.375,4.0,5.0,3.892857142857143,2.0,2.0,0,0,0,1
P122,Bachelor,Excellent,No,1-2,3.0,3.0,3.0,2.0,4.0,5.0,2.0,2.0,3.0,2.0,2.0,2.0,4.0,4.0,4.0,3.0,5.0,5.0,4.0,4.0,5.0,5,5.0,5.0,3.0,4.0,3.0,5.0,3.3333333333333335,2.625,4.166666666666667,4.375,3.607142857142857,3.0,2.0,0,0,0,1
P123,Bachelor,Excellent,Yes,>5,3.0,1.0,,,,,,,,,,,,,,,,,,,4.0,5,5.0,4.0,3.0,4.0,3.0,3.0,2.0,,,3.875,3.5,3.0,4.0,1,0,18,0
P124,Bachelor,Very good,No,Rarely,4.0,2.0,2.0,1.0,1.0,5.0,1.0,1.0,1.0,1.0,5.0,3.0,3.0,4.0,4.0,4.0,5.0,5.0,4.0,2.0,3.0,3,3.0,4.0,4.0,5.0,5.0,4.0,2.5,2.375,4.0,3.875,3.1785714285714284,2.0,1.0,0,0,0,1
P125,Bachelor,Excellent,No,>5,3.0,1.0,3.0,2.0,3.0,3.0,3.0,4.0,4.0,4.0,3.0,4.0,4.0,3.0,3.0,3.0,4.0,5.0,3.0,3.0,4.0,3,4.0,3.0,3.0,5.0,5.0,5.0,2.5,3.625,3.5,4.0,3.4642857142857144,3.0,4.0,0,0,0,1
P126,Bachelor,Very good,No,Rarely,4.0,2.0,2.0,2.0,2.0,2.0,2.0,2.0,2.0,2.0,2.0,2.0,4.0,4.0,3.0,2.0,4.0,3.0,2.0,2.0,5.0,4,5.0,5.0,5.0,5.0,5.0,5.0,2.3333333333333335,2.5,2.6666666666666665,4.875,3.1785714285714284,2.0,1.0,0,0,0,1
P127,Master,Excellent,Yes,3-5,3.0,3.0,4.0,2.0,2.0,3.0,1.0,1.0,3.0,3.0,4.0,3.0,4.0,3.0,4.0,3.0,4.0,4.0,5.0,4.0,4.0,4,4.0,5.0,5.0,5.0,5.0,5.0,2.8333333333333335,2.75,4.0,4.625,3.5714285714285716,3.0,3.0,1,1,0,1
P128,Master,Excellent,Yes,3-5,3.0,2.0,4.0,3.0,1.0,3.0,3.0,2.0,1.0,1.0,3.0,2.0,4.0,5.0,5.0,4.0,5.0,5.0,5.0,5.0,5.0,5,5.0,5.0,5.0,5.0,5.0,5.0,2.6666666666666665,2.625,4.833333333333333,5.0,3.7857142857142856,3.0,3.0,1,1,0,1
P129,Bachelor,Very good,No,3-5,3.0,1.0,4.0,2.0,2.0,4.0,2.0,2.0,3.0,2.0,3.0,2.0,3.0,2.0,2.0,2.0,4.0,5.0,3.0,3.0,4.0,5,4.0,4.0,3.0,4.0,4.0,4.0,2.6666666666666665,2.375,3.1666666666666665,4.0,3.0714285714285716,2.0,3.0,0,0,0,1
P130,Bachelor,Very good,No,Rarely,2.0,2.0,2.0,2.0,2.0,4.0,2.0,2.0,4.0,2.0,2.0,4.0,4.0,2.0,4.0,4.0,4.0,5.0,5.0,5.0,4.0,5,5.0,5.0,5.0,5.0,5.0,5.0,2.3333333333333335,2.75,4.5,4.875,3.642857142857143,2.0,1.0,0,0,0,1
P131,Bachelor,Very good,No,1-2,2.0,1.0,2.0,2.0,2.0,2.0,2.0,2.0,2.0,2.0,2.0,2.0,2.0,2.0,2.0,2.0,3.0,4.0,2.0,2.0,5.0,5,5.0,5.0,5.0,5.0,5.0,5.0,1.8333333333333333,2.0,2.5,5.0,2.9285714285714284,2.0,2.0,0,0,0,1
P132,Bachelor,Very good,Yes,Rarely,3.0,2.0,3.0,2.0,2.0,5.0,1.0,1.0,1.0,1.0,2.0,2.0,2.0,2.0,4.0,4.0,4.0,5.0,2.0,2.0,3.0,4,1.0,2.0,3.0,4.0,4.0,3.0,2.8333333333333335,1.5,3.5,3.0,2.642857142857143,2.0,1.0,1,0,0,1
P133,Bachelor,,No,3-5,3.0,3.0,3.0,3.0,3.0,3.0,4.0,4.0,4.0,,4.0,4.0,4.0,4.0,3.0,3.0,3.0,3.0,3.0,3.0,5.0,5,5.0,5.0,5.0,5.0,5.0,5.0,3.0,4.0,3.0,5.0,3.8518518518518516,,3.0,0,0,1,0
P134,Bachelor,Very good,Yes,3-5,3.0,2.0,4.0,4.0,4.0,5.0,4.0,4.0,5.0,4.0,4.0,4.0,3.0,3.0,3.0,3.0,4.0,5.0,4.0,4.0,4.0,4,5.0,5.0,5.0,4.0,4.0,4.0,3.6666666666666665,3.875,3.8333333333333335,4.375,3.9642857142857144,2.0,3.0,1,0,0,1
P135,Bachelor,Very good,No,1-2,4.0,3.0,4.0,4.0,4.0,3.0,3.0,3.0,3.0,3.0,4.0,3.0,4.0,4.0,3.0,3.0,3.0,3.0,3.0,3.0,3.0,3,3.0,3.0,3.0,3.0,3.0,3.0,3.6666666666666665,3.375,3.0,3.0,3.25,2.0,2.0,0,0,0,1
P136,Bachelor,Good,No,1-2,3.0,2.0,4.0,2.0,2.0,1.0,1.0,1.0,1.0,1.0,4.0,4.0,3.0,3.0,4.0,4.0,4.0,5.0,3.0,3.0,5.0,5,5.0,5.0,5.0,5.0,5.0,5.0,2.3333333333333335,2.25,3.8333333333333335,5.0,3.392857142857143,1.0,2.0,0,0,0,1
P137,Bachelor,Good,No,Rarely,2.0,1.0,2.0,1.0,2.0,2.0,1.0,3.0,3.0,3.0,4.0,4.0,3.0,1.0,3.0,3.0,4.0,4.0,4.0,3.0,5.0,5,5.0,4.0,4.0,5.0,4.0,4.0,1.6666666666666667,2.75,3.5,4.5,3.1785714285714284,1.0,1.0,0,0,0,1
P138,Bachelor,Very good,No,3-5,3.0,3.0,3.0,3.0,3.0,3.0,3.0,3.0,3.0,3.0,3.0,3.0,3.0,3.0,3.0,3.0,3.0,3.0,3.0,3.0,3.0,3,3.0,3.0,3.0,3.0,3.0,3.0,3.0,3.0,3.0,3.0,3.0,2.0,3.0,0,0,0,1
P139,Bachelor,Very good,No,,4.0,4.0,4.0,4.0,4.0,3.0,2.0,4.0,4.0,4.0,4.0,4.0,4.0,4.0,4.0,4.0,5.0,4.0,4.0,3.0,4.0,4,4.0,4.0,4.0,4.0,4.0,4.0,3.8333333333333335,3.75,4.0,4.0,3.892857142857143,2.0,,0,0,0,1
P140,Bachelor,Very good,No,1-2,3.0,3.0,3.0,3.0,3.0,3.0,3.0,3.0,3.0,3.0,3.0,3.0,3.0,3.0,3.0,3.0,3.0,3.0,3.0,3.0,5.0,5,5.0,5.0,5.0,5.0,5.0,5.0,3.0,3.0,3.0,5.0,3.5714285714285716,2.0,2.0,0,0,0,1
P141,Bachelor,Very good,Yes,Rarely,1.0,2.0,1.0,1.0,1.0,1.0,1.0,1.0,1.0,1.0,4.0,1.0,1.0,1.0,3.0,3.0,3.0,5.0,5.0,5.0,4.0,5,3.0,5.0,5.0,5.0,5.0,5.0,1.1666666666666667,1.375,4.0,4.625,2.8214285714285716,2.0,1.0,1,0,0,1
P142,Master,Very good,Yes,>5,3.0,2.0,3.0,3.0,3.0,3.0,2.0,2.0,4.0,5.0,4.0,3.0,3.0,4.0,4.0,4.0,5.0,5.0,5.0,5.0,5.0,5,5.0,5.0,5.0,5.0,5.0,5.0,2.8333333333333335,3.375,4.666666666666667,5.0,4.0,2.0,4.0,1,1,0,1
P143,Bachelor,Very good,Yes,1-2,4.0,4.0,4.0,,3.0,3.0,3.0,3.0,4.0,3.0,4.0,3.0,3.0,3.0,4.0,3.0,3.0,4.0,3.0,4.0,4.0,4,4.0,3.0,4.0,3.0,4.0,3.0,3.6,3.25,3.5,3.625,3.4814814814814814,2.0,2.0,1,0,1,0
P144,Bachelor,Good,No,Rarely,4.0,3.0,4.0,3.0,4.0,4.0,2.0,2.0,2.0,2.0,2.0,2.0,2.0,2.0,2.0,2.0,2.0,2.0,2.0,2.0,3.0,3,3.0,3.0,3.0,3.0,3.0,4.0,3.6666666666666665,2.0,2.0,3.125,2.6785714285714284,1.0,1.0,0,0,0,1
P145,Bachelor,Very good,No,3-5,4.0,3.0,4.0,4.0,3.0,3.0,3.0,3.0,3.0,4.0,3.0,4.0,4.0,4.0,4.0,4.0,3.0,3.0,4.0,4.0,4.0,4,4.0,4.0,4.0,4.0,4.0,4.0,3.5,3.5,3.6666666666666665,4.0,3.6785714285714284,2.0,3.0,0,0,0,1
