variable,dimension,response_type,coding,item_text_arabic,item_text_english
participant_id,Identifier,string,"P001–P145 (anonymised, sequential)",,Anonymised participant identifier
study_level,Demographic,categorical,Bachelor / Master / Doctorate,المستوى الدراسي,Study level
gpa,Demographic,categorical,Excellent / Very good / Good (blank = not reported),المعدل التراكمي,Grade point average band
prior_ai_training,Demographic,categorical,Yes / No,هل تلقيت تدريبًا مسبقًا في توظيف الذكاء الاصطناعي؟,Prior AI training
weekly_ai_use,Demographic,categorical,Rarely / 1-2 / 3-5 / >5 (times per week),عدد مرات استخدامك الذكاء الاصطناعي في الدراسة أسبوعيًا,Weekly frequency of AI use for study
AW1,1 Awareness & Availability,ordinal (Likert 1-5),"5=strongly agree,4=agree,3=neutral,2=disagree,1=strongly disagree (blank=missing)",لديّ فهمٌ عامٌّ لأنواع الذَّكاء الاصطناعيّ المستخدَمة في اللُّغة، سواءٌ أكانت توليديةً أم تقنيات المعالجة الآلية للُّغة.,"I have a general understanding of the types of AI used for language, whether generative or NLP technologies."
AW2,1 Awareness & Availability,ordinal (Likert 1-5),"5=strongly agree,4=agree,3=neutral,2=disagree,1=strongly disagree (blank=missing)","لديّ معرفةٌ ببعض المنصات العربيّة المتخصِّصة في معالجة اللُّغة، (مثل: منصة ""فراسة""، ""مُشكل""، أو ""قلم"").","I have knowledge of some specialised Arabic language-processing platforms (e.g., Farasa, Mushkil, Qalam)."
AW3,1 Awareness & Availability,ordinal (Likert 1-5),"5=strongly agree,4=agree,3=neutral,2=disagree,1=strongly disagree (blank=missing)",أتابع بشكلٍ عام تطورات أدوات الذَّكاء الاصطناعيّ وتأثيرها على دراسة العربيّة.,I generally follow developments in AI tools and their effect on the study of Arabic.
AW4,1 Awareness & Availability,ordinal (Likert 1-5),"5=strongly agree,4=agree,3=neutral,2=disagree,1=strongly disagree (blank=missing)",أعرف تطبيقات ذكاء اصطناعيّ مناسبةً لتعلم اللُّغة أو الأدبِ.,I know AI applications suitable for learning language or literature.
AW5,1 Awareness & Availability,ordinal (Likert 1-5),"5=strongly agree,4=agree,3=neutral,2=disagree,1=strongly disagree (blank=missing)",أعرف بعض المنصات المتخصِّصة في معالجة اللُّغة العربيّة عبْر واجهاتها الرَّقمية.,I know some platforms specialised in Arabic language processing through their digital interfaces.
AW6,1 Awareness & Availability,ordinal (Likert 1-5),"5=strongly agree,4=agree,3=neutral,2=disagree,1=strongly disagree (blank=missing)",لدي معرفةٌ بحدود قدرات الذَّكاء الاصطناعيّ في اللُّغة العربيّة.,I have knowledge of the limits of AI capabilities in the Arabic language.
AP1,2 Functional Application,ordinal (Likert 1-5),"5=strongly agree,4=agree,3=neutral,2=disagree,1=strongly disagree (blank=missing)",أستخدم أدواتٍ رقميةً في تحليل الخصائص الصَّوتية للأصوات العربيّة أو مخارج الحروف.,I use digital tools to analyse the phonetic features of Arabic sounds or points of articulation (makharij).
AP2,2 Functional Application,ordinal (Likert 1-5),"5=strongly agree,4=agree,3=neutral,2=disagree,1=strongly disagree (blank=missing)",أستخدم أدوات الذَّكاء الاصطناعيّ لاسيَّما المحلِّلات الآلية في تحليل الكلمات العربيّة صرفيًّا.,"I use AI tools, especially automatic analysers, to analyse Arabic words morphologically."
AP3,2 Functional Application,ordinal (Likert 1-5),"5=strongly agree,4=agree,3=neutral,2=disagree,1=strongly disagree (blank=missing)",أستخدم الذَّكاء الاصطناعيّ في التَّحليل النَّحويّ لاسيَّما العلاقات الإعرابية والقضايا التَّركيبية.,"I use AI for syntactic analysis, especially case/inflection (iʿrab) relations and structural issues."
AP4,2 Functional Application,ordinal (Likert 1-5),"5=strongly agree,4=agree,3=neutral,2=disagree,1=strongly disagree (blank=missing)","أستخدم الأدوات الذَّكية لتحليل ""التحيز اللُّغوي"" في النصوص، وما بها من قضايا دلالية.",I use smart tools to analyse linguistic bias in texts and their semantic issues.
AP5,2 Functional Application,ordinal (Likert 1-5),"5=strongly agree,4=agree,3=neutral,2=disagree,1=strongly disagree (blank=missing)",أستخدم الذَّكاء الاصطناعيّ في تحليل النصوص الأدبية وموازنتها.,I use AI to analyse and compare literary texts.
AP6,2 Functional Application,ordinal (Likert 1-5),"5=strongly agree,4=agree,3=neutral,2=disagree,1=strongly disagree (blank=missing)",أستخدم الذَّكاء الاصطناعيّ في تحليل الصور البلاغية في النصوص الأدبية.,I use AI to analyse rhetorical imagery (figures of speech) in literary texts.
AP7,2 Functional Application,ordinal (Likert 1-5),"5=strongly agree,4=agree,3=neutral,2=disagree,1=strongly disagree (blank=missing)",أتعلم استخدام الأدوات بشكل ذاتي (تجريب، فيديوهات، مقالات).,"I learn to use the tools on my own (experimentation, videos, articles)."
AP8,2 Functional Application,ordinal (Likert 1-5),"5=strongly agree,4=agree,3=neutral,2=disagree,1=strongly disagree (blank=missing)",أستطيع اختيار الأداة المناسبة، بحسب نوع المهمة اللُّغويّة أو الأدبية.,I can choose the appropriate tool according to the type of linguistic or literary task.
PC1,3 Prompt Engineering & Critical Appraisal,ordinal (Likert 1-5),"5=strongly agree,4=agree,3=neutral,2=disagree,1=strongly disagree (blank=missing)",أستطيع كتابة أوامر (Prompts) تساعد في الحصول على نتائجَ دقيقةٍ في المواد اللُّغويّة.,I can write prompts that help obtain accurate results in linguistic subjects.
PC2,3 Prompt Engineering & Critical Appraisal,ordinal (Likert 1-5),"5=strongly agree,4=agree,3=neutral,2=disagree,1=strongly disagree (blank=missing)",أستطيع كتابة أوامر (Prompts) تساعد في الحصول على نتائجَ دقيقةٍ في المواد الأدبية.,I can write prompts that help obtain accurate results in literary subjects.
PC3,3 Prompt Engineering & Critical Appraisal,ordinal (Likert 1-5),"5=strongly agree,4=agree,3=neutral,2=disagree,1=strongly disagree (blank=missing)",أستطيع التَّمييز بين المعلومات الصَّحيحة وغير الدَّقيقة، فيما تقدِّمه نماذج الذَّكاء الاصطناعيّ لغةً وأدبًا.,I can distinguish accurate from inaccurate information in what AI models provide on language and literature.
PC4,3 Prompt Engineering & Critical Appraisal,ordinal (Likert 1-5),"5=strongly agree,4=agree,3=neutral,2=disagree,1=strongly disagree (blank=missing)",أتحقَّق من المراجع التُراثية والحديثة التي يذكرها الذَّكاء الاصطناعيّ لضمان الأمانة العلمية والأكاديمية في اللُّغة والأدب.,"I verify the heritage and modern references that AI cites, to ensure scholarly and academic integrity in language and literature."
PC5,3 Prompt Engineering & Critical Appraisal,ordinal (Likert 1-5),"5=strongly agree,4=agree,3=neutral,2=disagree,1=strongly disagree (blank=missing)",أعاني من ضعفٍ في المحتوى العربيّ الدقيق عند استخدام أدوات الذَّكاء الاصطناعيّ في الجانب اللُّغويّ.,I experience weakness in accurate Arabic content when using AI tools on the linguistic side.
PC6,3 Prompt Engineering & Critical Appraisal,ordinal (Likert 1-5),"5=strongly agree,4=agree,3=neutral,2=disagree,1=strongly disagree (blank=missing)",أعاني من ضعفٍ في المحتوى العربيّ الدَّقيق عند استخدام أدوات الذَّكاء الاصطناعيّ في الجانب الأدبيّ.,I experience weakness in accurate Arabic content when using AI tools on the literary side.
AS1,4 Aspiration & Vision,ordinal (Likert 1-5),"5=strongly agree,4=agree,3=neutral,2=disagree,1=strongly disagree (blank=missing)","ضرورة إنشاء ""مختبر لغويّ ذكيّ"" في قسم اللُّغة العربيّة بجامعة السلطان قابوس.",There is a need to establish a smart language laboratory in the Arabic Language Department at the university.
AS2,4 Aspiration & Vision,ordinal (Likert 1-5),"5=strongly agree,4=agree,3=neutral,2=disagree,1=strongly disagree (blank=missing)","أتطلع لتلقي مقرَّراتٍ، تجمع بين ""أصول النَّحو"" و""خوارزميات الذَّكاء الاصطناعيّ"".",I aspire to courses that combine principles of grammar (nahw) with AI algorithms.
AS3,4 Aspiration & Vision,ordinal (Likert 1-5),"5=strongly agree,4=agree,3=neutral,2=disagree,1=strongly disagree (blank=missing)",يمكن أن يسهم الذَّكاء الاصطناعيّ في تعزيز مكانة العربيّة محليًّا وإقليميًّا وعالميًّا.,"AI can help strengthen the status of Arabic locally, regionally, and globally."
AS4,4 Aspiration & Vision,ordinal (Likert 1-5),"5=strongly agree,4=agree,3=neutral,2=disagree,1=strongly disagree (blank=missing)",أتطلع إلى دَمْج أخلاقيات استخدام الذَّكاء الاصطناعيّ في البحث اللُّغويّ والأدبي ضمن الخطة الدِّراسية.,I aspire to integrate the ethics of AI use in linguistic and literary research into the curriculum.
AS5,4 Aspiration & Vision,ordinal (Likert 1-5),"5=strongly agree,4=agree,3=neutral,2=disagree,1=strongly disagree (blank=missing)",أتطلع إلى تدريب الطلَّاب على استخدام الذَّكاء الاصطناعيّ في نقْد النصوص لُغويًّا وأدبيًّا.,I aspire to train students to use AI in critiquing texts linguistically and literarily.
AS6,4 Aspiration & Vision,ordinal (Likert 1-5),"5=strongly agree,4=agree,3=neutral,2=disagree,1=strongly disagree (blank=missing)",أتطلع إلى منصةٍ ذكية خاصة بطلاب القسم، تدعم الإعراب والتَّحليل الصرفي الآلي، مع مراعاة السِّياق.,"I aspire to a smart platform for department students supporting automatic iʿrab and morphological analysis, with attention to context."
AS7,4 Aspiration & Vision,ordinal (Likert 1-5),"5=strongly agree,4=agree,3=neutral,2=disagree,1=strongly disagree (blank=missing)",أتطلع إلى منصةٍ ذكية خاصة بطلاب القسم، تدعم تحليل النصوص أدبيًّا مع مراعاة المشاعر والحسِّ الجمالي في النصوص.,"I aspire to a smart platform for department students supporting literary text analysis, with attention to emotion and aesthetic sense."
AS8,4 Aspiration & Vision,ordinal (Likert 1-5),"5=strongly agree,4=agree,3=neutral,2=disagree,1=strongly disagree (blank=missing)",أتطلع إلى عقْد دوراتٍ تدريبيةٍ، تُعرف الطلاب بمنصات الذَّكاء الاصطناعيّ، وخباياها، بما يفيد في التصدِّي للنصوص لغةً وأدبًا.,"I aspire to training courses that familiarise students with AI platforms and their intricacies, useful for engaging with texts in language and literature."
Q1,Open-ended,free text (Arabic),verbatim text,ما الأداة أو التَّطبيق الذَّكي الذي تتمنى توفُّره لدعم دراسة اللُّغة العربيّة أو الأدب؟,Which smart tool or application do you wish were available to support the study of Arabic language or literature?
Q2,Open-ended,free text (Arabic),verbatim text,ما أبرز التَّحديات التي تواجهك في استخدام الذَّكاء الاصطناعيّ في دراستك؟,What are the most prominent challenges you face in using AI in your study?
Q3,Open-ended,free text (Arabic),verbatim text,كيف يمكن معالجة التَّحديات التي تواجهك في استخدام الذَّكاء الاصطناعيّ في دراستك؟,How can the challenges you face in using AI in your study be addressed?
Q4,Open-ended,free text (Arabic),verbatim text,هل استخدام الذَّكاء الاصطناعيّ يؤدِّي إلى الاعتمادية أم يعزِّز الابتكار والفردية؟,"Does the use of AI lead to dependency, or does it foster innovation and individuality?"
Q5,Open-ended,free text (Arabic),verbatim text,ما أكثر أداة ذكاءٍ اصطناعيٍّ، أفادتك فعليًّا؟ ولماذا؟,"Which AI tool has actually benefited you the most, and why?"
Q6,Open-ended,free text (Arabic),verbatim text,صف تجربةً سلبيةً، واجهتها عند استخدام الذَّكاء الاصطناعيّ في دراسة اللُّغة العربيّة.,Describe a negative experience you encountered when using AI in studying the Arabic language.
Q7,Open-ended,free text (Arabic),verbatim text,ما المهارة التي تعتقد أنَّ الطلَّاب يحتاجونها لاستخدام الذَّكاء الاصطناعيّ بفعالية؟,What skill do you think students need in order to use AI effectively?
AW_mean,Derived score,continuous 1-5,Mean of AW1-AW6; NA-aware (row mean of available items),,Awareness & Availability subscale score
AP_mean,Derived score,continuous 1-5,Mean of AP1-AP8; NA-aware,,Functional Application subscale score
PC_mean,Derived score,continuous 1-5,Mean of PC1-PC6; NA-aware,,Prompt Engineering & Critical Appraisal subscale score
AS_mean,Derived score,continuous 1-5,Mean of AS1-AS8; NA-aware,,Aspiration & Vision subscale score
overall_mean,Derived score,continuous 1-5,Mean of all 28 Likert items; NA-aware,,Overall GenAI competency score
gpa_ordinal,Derived recode,ordinal 1-3,"Good=1, Very good=2, Excellent=3; blank preserved as missing",,GPA band as an ordinal predictor
freq_ordinal,Derived recode,ordinal 1-4,"Rarely=1, 1-2=2, 3-5=3, >5=4; blank preserved as missing",,Weekly AI use as an ordinal predictor
prior_training_binary,Derived recode,binary 0/1,"Yes=1, No=0",,Prior AI training indicator
postgraduate_binary,Derived recode,binary 0/1,"Master or Doctorate=1, Bachelor=0",,Postgraduate indicator (vs. Bachelor)
n_missing_likert,Derived QC,count 0-28,Count of missing Likert responses in the row,,Per-respondent missingness
complete_likert,Derived QC,binary 0/1,1 if all 28 Likert items answered,,Listwise-complete indicator (n=136)
