Editor requirement,Where it lives,Current status,Finding,Action required
1. Accordance statement (Helsinki),Ethical declarations,ABSENT,No Helsinki or named-guidelines accordance statement anywhere in the manuscript.,Insert accordance statement in the ethical declarations AND as editable English text in the cover letter.
1. Ethics approval detail,Ethical Approval Statement,INCOMPLETE,"Names the committee but gives no reference number, no approval date, and no confirmation that approval preceded data collection.",Add approval reference number and date; attach the signed committee letter.
1. Informed consent,Consent to Participate,PRESENT,Consent statement is complete and adequate.,Retain; move under a single Declarations block.
2. Data files (raw + processed),Supplementary,NOW SUPPLIED,Raw 145-response file supplied by the authors; reproduces every reported statistic.,Deposit raw + processed files; cite in Data Availability.
2. Survey instrument,Supplementary,PARTIAL,"Items described in prose in 3.2; full Arabic wording exists only in the codebook, and the 7 open-ended items are not reproduced anywhere.",Issue the full bilingual instrument as a standalone supplementary file.
2. Protocols / data-collection procedure,Section 3.2,THIN,"Two sentences; no recruitment route, no field dates, no consent-screen wording, no anonymisation procedure.",Expand into a documented administration protocol in the supplementary package.
2. Variable details / coding,Supplementary,NOW SUPPLIED,Codebook supplied; needs the derived-variable formulas and the ordinal recodes used in the models.,Extend the codebook with transformations and derived scores.
2. Analysis scripts / code,Section 3.3,"PROMISED, NOT SUPPLIED",3.3 states 'code is provided as supplementary material' but no code accompanied the submission.,"Supply reproduce_analysis.py, which regenerates all tables and figures."
2. Supporting documentation,Supplementary,ABSENT,"No README, manifest or environment specification.","Add README, file manifest, licence and environment file."
2. Data Availability statement,End of manuscript,ABSENT,Section 3.2 cross-references 'see Data availability' but no such section exists - a dangling cross-reference.,Add a Data Availability section naming what is shared and where.
2. Access timing,Section 3.2 / cover letter,NON-COMPLIANT,"Both state deposit 'on acceptance'. The editor requires access NOW, for referees and editors.",Deposit immediately with a reviewer-accessible link; rewrite both statements.
3. Results accurately reported,Results + tables,3 MATERIAL ISSUES,AVE/omega/CR estimator inconsistency; effect-size metric contradiction between text and Table 4; sensitivity power f misreported as .07 instead of .28.,Correct per the verification table.
3. Overstated conclusions rewritten,"Title, Discussion, Conclusion",ISSUES PRESENT,"Four-dimensional claim vs three-factor parallel analysis; causal 'bridged by exposure' from cross-sectional data; 'huge gap'; 'reliable, valid' on a single-sample EFA.",Apply the calibrated wording in the overstatement register.
3. Limitations fully explained,Section 7,GOOD BUT INCOMPLETE,"Covers sampling, self-report, cross-sectional design, 3-vs-4 factors, ceiling, power. Missing: AVE estimator sensitivity, PC cross-loadings, common-method concerns, listwise deletion.",Expand Section 7.
Editorial: Abstract / Keywords,Front matter,ABSENT,The file contains no abstract and no keywords.,Add both; journal requires them.
Editorial: Declarations,Front matter,INCOMPLETE,"No funding, competing-interests, author-contributions or AI-use statements.",Add a complete Declarations block.
Editorial: Author metadata,Byline / cover letter,INCONSISTENT,Byline 'Mohamed Mustafa Hassanein' vs corresponding block 'Mohamed Mostafa Ali Hassanein'; he is author 3 but carries superscript 2; cover letter says 'both authors' and leaves '[Author One]' unfilled.,"Reconcile names, affiliations and author count."
Editorial: Cover letter currency,Cover letter,STALE,"Contains a note about addressing review comments dated 24 September 2026, predating this technical check.",Replace with the current revision note.
