Location,Claim as written,Evidence in the data,Proposed calibrated wording
Title,'Validating a four-dimensional measure',Parallel analysis retained 3 factors; eigenvalue 4 = 1.56 < 1.67 threshold. Two of six Prompt items load higher on Awareness (.59/.54) than on their own factor (.42/.40).,'Developing and initially validating a four-dimensional measure' - signals first-pass validation without asserting a settled four-factor structure.
4.1,'The four dimensions are therefore empirically distinct',"Fornell-Larcker and HTMT are satisfied, but the EFA does not cleanly separate Prompt-Engineering from Awareness.","'Discriminant validity indices were satisfied for all pairs, although the exploratory solution did not cleanly separate Prompt-Engineering from Awareness.'"
4.1,'a small number of secondary loadings on Awareness',PC1 and PC2 load MORE strongly on Awareness than on their own factor; AP1 and AP8 also cross-load.,"'two Prompt-Engineering items (PC1, PC2) loaded more strongly on Awareness than on their intended factor, and two Application items cross-loaded.'"
4.1,'CR >= .87 and AVE >= .52 ... for every dimension',Holds only under a PCA estimator; common-factor AVE for Prompt-Engineering is .42.,"State the estimator explicitly and report both: 'Under a principal-components estimator AVE was >= .52 for every dimension; under a common-factor estimator Prompt-Engineering fell to .42, below the .50 threshold.'"
4.2,'This gap is the study's main finding.',"Supported, but the ceiling effect is acknowledged two sentences earlier.","Retain, with the ceiling caveat kept adjacent."
5 Discussion,'there was a huge gap',"Informal register; the gap is 1.11 scale points, d_z = 1.14.","'the gap between aspiration and application was large (1.11 scale points, d_z = 1.14)'."
5 Discussion,'There are three points of interest. First ... Second ... Second ... Third',Four items with a duplicated ordinal.,"Renumber as four points, or merge the two 'Second' items."
5 Discussion,'exhibited strong initial reliability and convergent-discriminant validity',Reliability is strong; convergent validity is estimator-dependent for one dimension.,"'exhibited strong internal consistency and, for three of four dimensions, convergent validity that met conventional thresholds under both estimators'."
5 Discussion,"'It jumped once a use passed about twice a week, indicating a threshold'","Tukey supports the step pattern, but 'threshold' implies a causal mechanism in cross-sectional data.","'competency was higher among students using AI three or more times weekly, consistent with - though not establishing - a threshold of sustained engagement'."
6 Implications,'since exposure drives competency',Cross-sectional; direction of effect not identified.,'since exposure is the strongest correlate of competency'.
8 Conclusion,"'it is bridged by sustained exposure above a threshold of regular use, not by motivation or one-off training'",Causal claim; also asserts a null for training that was underpowered (detectable d >= .59 vs observed .42).,"'it is associated with sustained exposure rather than with motivation or a single training event, although the cross-sectional design cannot establish direction and the training comparison was underpowered'."
8 Conclusion,"'A reliable, valid, discipline-specific measure'","Single-sample EFA, no CFA, one dimension empirically fragile.",'A discipline-specific measure with promising initial reliability and validity evidence'.
8 Conclusion,'The aspiration-application gap is large and robust',"Supported by parametric and non-parametric tests, but inflated by the Aspiration ceiling.","'large and consistent across parametric and distribution-free tests, though the ceiling effect on Aspiration means the standardised estimate is best read as an upper bound'."
